{
  "step_qonnx_to_finn": 2.0265579223632812e-05,
  "step_tidy_up": 0.024625539779663086,
  "step_streamline": 0.49158287048339844,
  "step_convert_to_hw": 0.0034966468811035156,
  "step_create_dataflow_partition": 0.0018193721771240234,
  "step_specialize_layers": 0.0013403892517089844,
  "step_target_fps_parallelization": 0.00147247314453125,
  "step_apply_folding_config": 2.6226043701171875e-06,
  "step_minimize_bit_width": 0.0403292179107666,
  "step_generate_estimate_reports": 0.004532575607299805
}