{
  "MVAU_hls_0": [
    {
      "BRAM_18K": 8,
      "BRAM_efficiency": 0.8888888888888888,
      "LUT": 341,
      "URAM": 0,
      "URAM_efficiency": 1,
      "DSP": 1
    },
    {
      "BRAM_18K": 8,
      "BRAM_efficiency": 0.8888888888888888,
      "LUT": 429,
      "URAM": 0,
      "URAM_efficiency": 1,
      "DSP": 0
    }
  ],
  "MVAU_hls_1": [
    {
      "BRAM_18K": 4,
      "BRAM_efficiency": 0.8888888888888888,
      "LUT": 341,
      "URAM": 0,
      "URAM_efficiency": 1,
      "DSP": 1
    },
    {
      "BRAM_18K": 4,
      "BRAM_efficiency": 0.8888888888888888,
      "LUT": 429,
      "URAM": 0,
      "URAM_efficiency": 1,
      "DSP": 0
    }
  ],
  "MVAU_hls_2": [
    {
      "BRAM_18K": 1,
      "BRAM_efficiency": 0.027777777777777776,
      "LUT": 340,
      "URAM": 0,
      "URAM_efficiency": 1,
      "DSP": 1
    },
    {
      "BRAM_18K": 1,
      "BRAM_efficiency": 0.027777777777777776,
      "LUT": 428,
      "URAM": 0,
      "URAM_efficiency": 1,
      "DSP": 0
    }
  ]
}